Workbook

Sheet 1.매매입력
A1: 거래일 | B1: 자산구분 | C1: 시장 | D1: 종목명 | E1: 티커 | F1: 구분 | G1: 수량 | H1: 단가(현지) | I1: 통화 | J1: 환율 | K1: 수수료(원) | L1: 세금(원) | M1: 총액(원화) | N1: 메모
A2: 2026-01-15 | B2: 주식 | C2: 한국 | D2: 삼성전자 | E2: 005930 | F2: 매수 | G2: 100 | H2: 78000 | I2: KRW | J2: 1 | K2: 1500 | L2: 0 | M2: =IF(F2="매수", -1, 1) * (G2 * H2 * J2) - K2 - L2 | N2: 1분기 실적 기대
A3: 2026-02-03 | B3: 주식 | C3: 미국 | D3: NVIDIA | E3: NVDA | F3: 매수 | G3: 10 | H3: 850 | I3: USD | J3: 1380 | K3: 2000 | L3: 0 | M3: =IF(F3="매수", -1, 1) * (G3 * H3 * J3) - K3 - L3 | N3: AI 트렌드 지속
A4: 2026-03-20 | B4: ETF | C4: 미국 | D4: Invesco QQQ | E4: QQQ | F4: 매수 | G4: 5 | H4: 480 | I4: USD | J4: 1390 | K4: 1500 | L4: 0 | M4: =IF(F4="매수", -1, 1) * (G4 * H4 * J4) - K4 - L4 | N4: 분산 투자
A5: 2026-04-10 | B5: 코인 | C5: 암호화폐 | D5: 비트코인 | E5: BTC | F5: 매수 | G5: 0.05 | H5: 95000 | I5: USD | J5: 1400 | K5: 5000 | L5: 0 | M5: =IF(F5="매수", -1, 1) * (G5 * H5 * J5) - K5 - L5 | N5: 장기 보유
A6: 2026-04-29 | B6: 주식 | C6: 한국 | D6: 삼성전자 | E6: 005930 | F6: 매도 | G6: 50 | H6: 92000 | I6: KRW | J6: 1 | K6: 1500 | L6: 0 | M6: =IF(F6="매수", -1, 1) * (G6 * H6 * J6) - K6 - L6 | N6: 일부 차익실현
A7: 2026-05-15 | B7: 주식 | C7: 미국 | D7: Apple | E7: AAPL | F7: 매수 | G7: 15 | H7: 230 | I7: USD | J7: 1395 | K7: 2500 | L7: 0 | M7: =IF(F7="매수", -1, 1) * (G7 * H7 * J7) - K7 - L7 | N7: WWDC 기대

Sheet 2.보유현황
A1: 📊 실시간 보유 종목 현황
A2: ※ 종목을 추가하려면 아래 표에 티커를 입력하세요. 보유수량·평균단가는 매매입력 시트에서 자동 집계됩니다.
A4: 종목명 | B4: 티커 | C4: 자산구분 | D4: 시장 | E4: 통화 | F4: 보유수량 | G4: 평균단가 | H4: 현재가 | I4: 평가금액(원) | J4: 평가손익(원) | K4: 수익률(%)
A5: 삼성전자 | B5: 005930 | C5: 주식 | D5: 한국 | E5: KRW | F5: =SUMIFS('1.매매입력'!G:G,'1.매매입력'!E:E,B5,'1.매매입력'!F:F,"매수") - SUMIFS('1.매매입력'!G:G,'1.매매입력'!E:E,B5,'1.매매입력'!F:F,"매도") | G5: =IFERROR(SUMPRODUCT(('1.매매입력'!E$2:E$1000=B5)*('1.매매입력'!F$2:F$1000="매수")*'1.매매입력'!G$2:G$1000*'1.매매입력'!H$2:H$1000) / SUMIFS('1.매매입력'!G:G,'1.매매입력'!E:E,B5,'1.매매입력'!F:F,"매수"), 0) | H5: =GOOGLEFINANCE("KRX:"&B5) | I5: =IFERROR(F5*H5*VLOOKUP(E5,'8.설정'!$B$5:$C$10,2,FALSE), 0) | J5: =I5 - F5*G5*VLOOKUP(E5,'8.설정'!$B$5:$C$10,2,FALSE) | K5: =IFERROR(J5/(F5*G5*VLOOKUP(E5,'8.설정'!$B$5:$C$10,2,FALSE)), 0)
A6: NVIDIA | B6: NVDA | C6: 주식 | D6: 미국 | E6: USD | F6: =SUMIFS('1.매매입력'!G:G,'1.매매입력'!E:E,B6,'1.매매입력'!F:F,"매수") - SUMIFS('1.매매입력'!G:G,'1.매매입력'!E:E,B6,'1.매매입력'!F:F,"매도") | G6: =IFERROR(SUMPRODUCT(('1.매매입력'!E$2:E$1000=B6)*('1.매매입력'!F$2:F$1000="매수")*'1.매매입력'!G$2:G$1000*'1.매매입력'!H$2:H$1000) / SUMIFS('1.매매입력'!G:G,'1.매매입력'!E:E,B6,'1.매매입력'!F:F,"매수"), 0) | H6: =GOOGLEFINANCE(B6) | I6: =IFERROR(F6*H6*VLOOKUP(E6,'8.설정'!$B$5:$C$10,2,FALSE), 0) | J6: =I6 - F6*G6*VLOOKUP(E6,'8.설정'!$B$5:$C$10,2,FALSE) | K6: =IFERROR(J6/(F6*G6*VLOOKUP(E6,'8.설정'!$B$5:$C$10,2,FALSE)), 0)
A7: Invesco QQQ | B7: QQQ | C7: ETF | D7: 미국 | E7: USD | F7: =SUMIFS('1.매매입력'!G:G,'1.매매입력'!E:E,B7,'1.매매입력'!F:F,"매수") - SUMIFS('1.매매입력'!G:G,'1.매매입력'!E:E,B7,'1.매매입력'!F:F,"매도") | G7: =IFERROR(SUMPRODUCT(('1.매매입력'!E$2:E$1000=B7)*('1.매매입력'!F$2:F$1000="매수")*'1.매매입력'!G$2:G$1000*'1.매매입력'!H$2:H$1000) / SUMIFS('1.매매입력'!G:G,'1.매매입력'!E:E,B7,'1.매매입력'!F:F,"매수"), 0) | H7: =GOOGLEFINANCE(B7) | I7: =IFERROR(F7*H7*VLOOKUP(E7,'8.설정'!$B$5:$C$10,2,FALSE), 0) | J7: =I7 - F7*G7*VLOOKUP(E7,'8.설정'!$B$5:$C$10,2,FALSE) | K7: =IFERROR(J7/(F7*G7*VLOOKUP(E7,'8.설정'!$B$5:$C$10,2,FALSE)), 0)
A8: 비트코인 | B8: BTC | C8: 코인 | D8: 암호화폐 | E8: USD | F8: =SUMIFS('1.매매입력'!G:G,'1.매매입력'!E:E,B8,'1.매매입력'!F:F,"매수") - SUMIFS('1.매매입력'!G:G,'1.매매입력'!E:E,B8,'1.매매입력'!F:F,"매도") | G8: =IFERROR(SUMPRODUCT(('1.매매입력'!E$2:E$1000=B8)*('1.매매입력'!F$2:F$1000="매수")*'1.매매입력'!G$2:G$1000*'1.매매입력'!H$2:H$1000) / SUMIFS('1.매매입력'!G:G,'1.매매입력'!E:E,B8,'1.매매입력'!F:F,"매수"), 0) | H8: =GOOGLEFINANCE("CURRENCY:"&B8&"USD") | I8: =IFERROR(F8*H8*VLOOKUP(E8,'8.설정'!$B$5:$C$10,2,FALSE), 0) | J8: =I8 - F8*G8*VLOOKUP(E8,'8.설정'!$B$5:$C$10,2,FALSE) | K8: =IFERROR(J8/(F8*G8*VLOOKUP(E8,'8.설정'!$B$5:$C$10,2,FALSE)), 0)
A9: Apple | B9: AAPL | C9: 주식 | D9: 미국 | E9: USD | F9: =SUMIFS('1.매매입력'!G:G,'1.매매입력'!E:E,B9,'1.매매입력'!F:F,"매수") - SUMIFS('1.매매입력'!G:G,'1.매매입력'!E:E,B9,'1.매매입력'!F:F,"매도") | G9: =IFERROR(SUMPRODUCT(('1.매매입력'!E$2:E$1000=B9)*('1.매매입력'!F$2:F$1000="매수")*'1.매매입력'!G$2:G$1000*'1.매매입력'!H$2:H$1000) / SUMIFS('1.매매입력'!G:G,'1.매매입력'!E:E,B9,'1.매매입력'!F:F,"매수"), 0) | H9: =GOOGLEFINANCE(B9) | I9: =IFERROR(F9*H9*VLOOKUP(E9,'8.설정'!$B$5:$C$10,2,FALSE), 0) | J9: =I9 - F9*G9*VLOOKUP(E9,'8.설정'!$B$5:$C$10,2,FALSE) | K9: =IFERROR(J9/(F9*G9*VLOOKUP(E9,'8.설정'!$B$5:$C$10,2,FALSE)), 0)
A10: 합계 | I10: =SUM(I5:I9) | J10: =SUM(J5:J9) | K10: =IFERROR(J10/(I10-J10), 0)

Sheet 3.실현손익
A1: 💵 실현 손익 (양도세 계산용)
A3: 매도일 | B3: 종목명 | C3: 티커 | D3: 매도수량 | E3: 매도단가 | F3: 평균매수단가 | G3: 보유기간(일) | H3: 통화 | I3: 실현손익(원) | J3: 양도세 예상
A4: 2026-04-29 | B4: 삼성전자 | C4: 005930 | D4: 50 | E4: 92000 | F4: 78000 | G4: 104 | H4: KRW | I4: =(E4-F4)*D4*VLOOKUP(H4,'8.설정'!$B$5:$C$10,2,FALSE) | J4: =IF(I4>0, IF(VLOOKUP(B4,'2.보유현황'!A:D,4,FALSE)="미국", MAX(0,(I4-2500000))*0.22, 0), 0)
A6: 연간 합계 | I6: =SUM(I4:I5) | J6: =SUM(J4:J5)

Sheet 4.배당내역
A1: 💰 배당 수령 내역
A3: 지급일 | B3: 종목명 | C3: 티커 | D3: 보유수량 | E3: 주당배당 | F3: 통화 | G3: 환율 | H3: 세전배당(원) | I3: 세후배당(원)
A4: 2026-03-15 | B4: 삼성전자 | C4: 005930 | D4: 100 | E4: 360 | F4: KRW | G4: 1 | H4: =D4*E4*G4 | I4: =H4*IF(F4="KRW", 0.846, 0.85)
A5: 2026-03-31 | B5: Apple | C5: AAPL | D5: 15 | E5: 0.25 | F5: USD | G5: 1395 | H5: =D5*E5*G5 | I5: =H5*IF(F5="KRW", 0.846, 0.85)
A6: 2026-04-30 | B6: Invesco QQQ | C6: QQQ | D6: 5 | E6: 0.65 | F6: USD | G6: 1400 | H6: =D6*E6*G6 | I6: =H6*IF(F6="KRW", 0.846, 0.85)
A8: 누적 합계 | H8: =SUM(H4:H7) | I8: =SUM(I4:I7)

Sheet 5.매매일지
A1: 📓 매매일지 - 왜 샀고 왜 팔았는가
A2: ※ 거래 직전·직후에 작성하면 감정적 매매가 줄고 실력이 빠르게 늡니다.
A4: 일자 | B4: 종목 | C4: 티커 | D4: 구분 | E4: 진입가 | F4: 손절가 | G4: 목표가 | H4: 진입 근거 | I4: 결과 회고 (잘한점/못한점) | J4: 교훈
A5: 2026-02-03 | B5: NVIDIA | C5: NVDA | D5: 진입 | E5: 850 | F5: 780 | G5: 1100 | H5: AI 데이터센터 CAPEX 폭증, FY26 가이던스 상향, Blackwell 양산 시작 | I5: 진입 타이밍 좋았음. 다만 분할매수했어야 했음. | J5: 단번에 풀매수 X, 3차에 나눠 진입
A6: 2026-04-29 | B6: 삼성전자 | C6: 005930 | D6: 청산(일부) | E6: 78000 | F6: 72000 | G6: 95000 | H6: HBM4 완판 + 메모리 이익률 74%, 1분기 실적 서프라이즈 | I6: +18% 차익실현 성공. 그러나 너무 일찍 절반 매도. 더 들고 갔어야. | J6: 추세 살아있을 때는 트레일링스탑 사용

Sheet 6.대시보드
A1: 📈 포트폴리오 종합 대시보드
A3: 🏆 핵심 지표
A5: 총 평가금액 | D5: 총 평가손익 | G5: 총 수익률
A6: ='2.보유현황'!I10 | D6: ='2.보유현황'!J10 | G6: ='2.보유현황'!K10
A9: 실현손익(YTD) | D9: 배당수령(누적) | G9: 종목 수
A10: ='3.실현손익'!I6 | D10: ='4.배당내역'!I8 | G10: =COUNTA('2.보유현황'!B5:B9)
A14: 📊 종목별 비중
A15: 삼성전자 | B15: ='2.보유현황'!I5
A16: NVIDIA | B16: ='2.보유현황'!I6
A17: Invesco QQQ | B17: ='2.보유현황'!I7
A18: 비트코인 | B18: ='2.보유현황'!I8
A19: Apple | B19: ='2.보유현황'!I9
A22: 🥧 자산 구분별 비중
A23: 주식 | B23: =SUMIFS('2.보유현황'!I:I, '2.보유현황'!C:C, "주식")
A24: ETF | B24: =SUMIFS('2.보유현황'!I:I, '2.보유현황'!C:C, "ETF")
A25: 코인 | B25: =SUMIFS('2.보유현황'!I:I, '2.보유현황'!C:C, "코인")
A26: 채권 | B26: =SUMIFS('2.보유현황'!I:I, '2.보유현황'!C:C, "채권")
A27: 펀드 | B27: =SUMIFS('2.보유현황'!I:I, '2.보유현황'!C:C, "펀드")

Sheet 7.월별수익률
A1: 📅 월별/연도별 성과 추적
A3: 월 | B3: 시작자산(원) | C3: 입금 | D3: 출금 | E3: 종료자산(원) | F3: 월수익(원) | G3: 월수익률(%) | H3: YTD수익률(%) | J3: 📊 월별 수익률 추이
A4: 2026-01 | B4: 100000000 | C4: 5000000 | D4: 0 | E4: 108000000 | F4: =IFERROR(E4-B4-C4+D4,"") | G4: =IFERROR(F4/(B4+C4),"") | H4: =IFERROR(G4,"")
A5: 2026-02 | B5: 108000000 | C5: 0 | D5: 0 | E5: 112000000 | F5: =IFERROR(E5-B5-C5+D5,"") | G5: =IFERROR(F5/(B5+C5),"") | H5: =IFERROR((1+H4)*(1+G5)-1,"")
A6: 2026-03 | B6: 112000000 | C6: 3000000 | D6: 0 | E6: 118000000 | F6: =IFERROR(E6-B6-C6+D6,"") | G6: =IFERROR(F6/(B6+C6),"") | H6: =IFERROR((1+H5)*(1+G6)-1,"")
A7: 2026-04 | B7: 118000000 | C7: 0 | D7: 2000000 | E7: 125000000 | F7: =IFERROR(E7-B7-C7+D7,"") | G7: =IFERROR(F7/(B7+C7),"") | H7: =IFERROR((1+H6)*(1+G7)-1,"")
A8: 2026-05 | F8: =IFERROR(E8-B8-C8+D8,"") | G8: =IFERROR(F8/(B8+C8),"") | H8: =IFERROR((1+H7)*(1+G8)-1,"")
A9: 2026-06 | F9: =IFERROR(E9-B9-C9+D9,"") | G9: =IFERROR(F9/(B9+C9),"") | H9: =IFERROR((1+H8)*(1+G9)-1,"")
A10: 2026-07 | F10: =IFERROR(E10-B10-C10+D10,"") | G10: =IFERROR(F10/(B10+C10),"") | H10: =IFERROR((1+H9)*(1+G10)-1,"")
A11: 2026-08 | F11: =IFERROR(E11-B11-C11+D11,"") | G11: =IFERROR(F11/(B11+C11),"") | H11: =IFERROR((1+H10)*(1+G11)-1,"")
A12: 2026-09 | F12: =IFERROR(E12-B12-C12+D12,"") | G12: =IFERROR(F12/(B12+C12),"") | H12: =IFERROR((1+H11)*(1+G12)-1,"")
A13: 2026-10 | F13: =IFERROR(E13-B13-C13+D13,"") | G13: =IFERROR(F13/(B13+C13),"") | H13: =IFERROR((1+H12)*(1+G13)-1,"")
A14: 2026-11 | F14: =IFERROR(E14-B14-C14+D14,"") | G14: =IFERROR(F14/(B14+C14),"") | H14: =IFERROR((1+H13)*(1+G14)-1,"")
A15: 2026-12 | F15: =IFERROR(E15-B15-C15+D15,"") | G15: =IFERROR(F15/(B15+C15),"") | H15: =IFERROR((1+H14)*(1+G15)-1,"")

Sheet 8.설정
A1: ⚙️ 설정 - 환율 / 종목마스터 / 세율
A3: 💱 환율 (구글시트 업로드 시 자동 갱신)
B4: 통화 | C4: 환율(원) | D4: 비고
B5: KRW | C5: 1 | D5: 기준 통화
B6: USD | C6: 1400 | D6: 미국 달러
B7: JPY | C7: =GOOGLEFINANCE("CURRENCY:JPYKRW") | D7: 일본 엔
B8: EUR | C8: =GOOGLEFINANCE("CURRENCY:EURKRW") | D8: 유로
B9: CNY | C9: =GOOGLEFINANCE("CURRENCY:CNYKRW") | D9: 위안
B10: HKD | C10: =GOOGLEFINANCE("CURRENCY:HKDKRW") | D10: 홍콩 달러
A13: 💸 세율 설정
B14: 구분 | C14: 세율 | D14: 비고
B15: 국내주식 양도세 | C15: 0% | D15: 대주주 제외, 일반투자자 비과세
B16: 해외주식 양도세 | C16: 22% | D16: 연 250만원 공제 후 22% (지방세 포함)
B17: 국내 배당세 | C17: 15.4% | D17: 원천징수 (소득세 14% + 지방세 1.4%)
B18: 해외 배당세 | C18: 15% | D18: 미국 기준 (현지 원천징수)
B19: 코인 양도세 | C19: 22% | D19: 2027년부터 시행 예정 (250만원 공제 후)
A22: 📋 종목 마스터 (선택사항 - 종목 정보 관리용)
B23: 티커 | C23: 종목명 | D23: 시장 | E23: 섹터 | F23: 메모
B24: 005930 | C24: 삼성전자 | D24: 한국 | E24: 반도체 | F24: 메모리 1위
B25: NVDA | C25: NVIDIA | D25: 미국 | E25: 반도체 | F25: AI GPU 독점
B26: AAPL | C26: Apple | D26: 미국 | E26: 테크 | F26: 스마트폰/서비스
B27: QQQ | C27: Invesco QQQ | D27: 미국 | E27: ETF | F27: 나스닥100 추종
B28: BTC | C28: 비트코인 | D28: 암호화폐 | E28: 코인 | F28: 디지털 금
